-- phpMyAdmin SQL Dump
-- version 5.2.1
-- https://www.phpmyadmin.net/
--
-- Host: 127.0.0.1
-- Generation Time: Dec 17, 2023 at 06:10 PM
-- Server version: 10.4.28-MariaDB
-- PHP Version: 8.2.4

SET SQL_MODE = "NO_AUTO_VALUE_ON_ZERO";
START TRANSACTION;
SET time_zone = "+00:00";


/*!40101 SET @OLD_CHARACTER_SET_CLIENT=@@CHARACTER_SET_CLIENT */;
/*!40101 SET @OLD_CHARACTER_SET_RESULTS=@@CHARACTER_SET_RESULTS */;
/*!40101 SET @OLD_COLLATION_CONNECTION=@@COLLATION_CONNECTION */;
/*!40101 SET NAMES utf8mb4 */;

--
-- Database: `atiweb`
--
CREATE DATABASE IF NOT EXISTS `atiweb` DEFAULT CHARACTER SET utf8mb4 COLLATE utf8mb4_general_ci;
USE `atiweb`;

-- --------------------------------------------------------

--
-- Table structure for table `course`
--

CREATE TABLE `course` (
  `CourseID` int(11) NOT NULL,
  `Title` varchar(255) NOT NULL,
  `TitleInShort` varchar(50) NOT NULL,
  `Description` text DEFAULT NULL
) ENGINE=InnoDB DEFAULT CHARSET=utf8mb4 COLLATE=utf8mb4_general_ci;

-- --------------------------------------------------------

--
-- Table structure for table `lecturer`
--

CREATE TABLE `lecturer` (
  `LecID` int(11) NOT NULL,
  `Name` varchar(255) NOT NULL,
  `Email` varchar(255) NOT NULL,
  `Designation` varchar(50) NOT NULL,
  `CourseID` int(11) DEFAULT NULL,
  `Gender` enum('Male','Female') NOT NULL,
  `Password` varchar(255) NOT NULL
) ENGINE=InnoDB DEFAULT CHARSET=utf8mb4 COLLATE=utf8mb4_general_ci;

--
-- Indexes for dumped tables
--

--
-- Indexes for table `course`
--
ALTER TABLE `course`
  ADD PRIMARY KEY (`CourseID`);

--
-- Indexes for table `lecturer`
--
ALTER TABLE `lecturer`
  ADD PRIMARY KEY (`LecID`),
  ADD UNIQUE KEY `Email` (`Email`);

--
-- AUTO_INCREMENT for dumped tables
--

--
-- AUTO_INCREMENT for table `course`
--
ALTER TABLE `course`
  MODIFY `CourseID` int(11) NOT NULL AUTO_INCREMENT;

--
-- AUTO_INCREMENT for table `lecturer`
--
ALTER TABLE `lecturer`
  MODIFY `LecID` int(11) NOT NULL AUTO_INCREMENT;
--
-- Database: `hotelms`
--
CREATE DATABASE IF NOT EXISTS `hotelms` DEFAULT CHARACTER SET utf8mb4 COLLATE utf8mb4_general_ci;
USE `hotelms`;

-- --------------------------------------------------------

--
-- Table structure for table `booking`
--

CREATE TABLE `booking` (
  `booking_id` int(10) NOT NULL,
  `customer_id` int(10) NOT NULL,
  `room_id` int(10) NOT NULL,
  `booking_date` timestamp NOT NULL DEFAULT current_timestamp(),
  `check_in` varchar(100) DEFAULT NULL,
  `check_out` varchar(100) NOT NULL,
  `total_price` int(10) NOT NULL,
  `remaining_price` int(10) NOT NULL,
  `payment_status` tinyint(1) NOT NULL
) ENGINE=InnoDB DEFAULT CHARSET=latin1 COLLATE=latin1_swedish_ci;

--
-- Dumping data for table `booking`
--

INSERT INTO `booking` (`booking_id`, `customer_id`, `room_id`, `booking_date`, `check_in`, `check_out`, `total_price`, `remaining_price`, `payment_status`) VALUES
(1, 1, 5, '2017-11-13 05:45:17', '13-11-2017', '15-11-2017', 3000, 3000, 0),
(2, 2, 2, '2017-11-13 05:46:04', '13-11-2017', '16-11-2017', 6000, 0, 1),
(3, 3, 2, '2017-11-11 06:49:19', '11-11-2017', '14-11-2017', 6000, 3000, 0),
(4, 4, 7, '2017-11-09 06:50:24', '11-11-2017', '15-11-2017', 10000, 10000, 0),
(5, 5, 13, '2017-11-17 06:59:10', '17-11-2017', '20-11-2017', 12000, 0, 1),
(6, 6, 9, '2021-04-08 09:45:56', '08-04-2021', '10-04-2021', 3000, 3000, 0),
(7, 7, 14, '2021-04-08 17:56:41', '08-04-2021', '10-04-2021', 16500, 11500, 0);

-- --------------------------------------------------------

--
-- Table structure for table `complaint`
--

CREATE TABLE `complaint` (
  `id` int(11) NOT NULL,
  `complainant_name` varchar(100) NOT NULL,
  `complaint_type` varchar(100) NOT NULL,
  `complaint` varchar(200) NOT NULL,
  `created_at` timestamp NOT NULL DEFAULT current_timestamp(),
  `resolve_status` tinyint(1) NOT NULL,
  `resolve_date` timestamp NULL DEFAULT current_timestamp() ON UPDATE current_timestamp(),
  `budget` int(11) DEFAULT NULL
) ENGINE=InnoDB DEFAULT CHARSET=latin1 COLLATE=latin1_swedish_ci;

--
-- Dumping data for table `complaint`
--

INSERT INTO `complaint` (`id`, `complainant_name`, `complaint_type`, `complaint`, `created_at`, `resolve_status`, `resolve_date`, `budget`) VALUES
(1, 'Janice Alexander\n', 'Room Windows', 'Doesnot operate properly', '2020-07-16 06:51:24', 1, '2020-07-17 06:51:58', 3600),
(2, 'Robert Peter\n', 'Air Conditioner', 'Sensor Problems', '2020-10-01 06:51:44', 1, '2020-10-03 07:06:02', 7950),
(3, 'Jason J Pirkle\n', 'Bad Smells', 'Some odd smells around room areas', '2018-04-01 07:01:17', 1, '2018-04-01 07:01:52', 500),
(5, 'Will Williams', 'Faulty Electronics', 'Due to some weird reasons, the electronics are not working as it should; some voltage problems too - M-135', '2021-04-09 08:38:19', 1, '2021-04-09 08:38:39', 2500);

-- --------------------------------------------------------

--
-- Table structure for table `customer`
--

CREATE TABLE `customer` (
  `customer_id` int(10) NOT NULL,
  `customer_name` varchar(100) NOT NULL,
  `contact_no` bigint(20) NOT NULL,
  `email` varchar(100) NOT NULL,
  `id_card_type_id` int(10) NOT NULL,
  `id_card_no` varchar(20) NOT NULL,
  `address` varchar(100) NOT NULL
) ENGINE=InnoDB DEFAULT CHARSET=latin1 COLLATE=latin1_swedish_ci;

--
-- Dumping data for table `customer`
--

INSERT INTO `customer` (`customer_id`, `customer_name`, `contact_no`, `email`, `id_card_type_id`, `id_card_no`, `address`) VALUES
(1, 'Billy S. Burke', 7540001240, 'billyb9@gmail.com', 1, '422510099122', '3166 Rockford Road'),
(2, 'John Mitchell', 2870214970, 'johnm@gmail.com', 2, '422510099122', '1954 Armory Road'),
(3, 'Beatriz M. Matthews', 1247778460, 'matthews@gmail.com', 1, '422510099122', '4879 Shearwood Forest Drive'),
(4, 'Kevin Johnson', 1478546500, 'kevin@gmail.com', 3, '0', '926 Richland Avenue\n'),
(5, 'Dwayne Scott', 2671249780, 'scottdway@gmail.com', 1, '422510099122', '4698 Columbia Road\n'),
(6, 'Bruno Denn', 1245554780, 'denbru@gmail.com', 4, 'AASS 12454784541', '4764 Warner Street\n'),
(7, 'Ric Austin', 2450006974, 'austinric@gmail.com', 1, '457896000002', '1680  Brownton Road');

-- --------------------------------------------------------

--
-- Table structure for table `emp_history`
--

CREATE TABLE `emp_history` (
  `id` int(11) NOT NULL,
  `emp_id` int(11) NOT NULL,
  `shift_id` int(11) NOT NULL,
  `from_date` timestamp NOT NULL DEFAULT current_timestamp(),
  `to_date` timestamp NULL DEFAULT NULL,
  `created_at` timestamp NOT NULL DEFAULT current_timestamp()
) ENGINE=InnoDB DEFAULT CHARSET=latin1 COLLATE=latin1_swedish_ci;

--
-- Dumping data for table `emp_history`
--

INSERT INTO `emp_history` (`id`, `emp_id`, `shift_id`, `from_date`, `to_date`, `created_at`) VALUES
(1, 1, 1, '2017-11-13 05:39:06', '2017-11-15 02:22:26', '2017-11-13 05:39:06'),
(2, 2, 3, '2017-11-13 05:39:39', '2017-11-15 02:22:43', '2017-11-13 05:39:39'),
(3, 3, 1, '2017-11-13 05:40:18', '2017-11-15 02:22:49', '2017-11-13 05:40:18'),
(4, 4, 1, '2017-11-13 05:40:56', '2017-11-15 02:22:35', '2017-11-13 05:40:56'),
(5, 5, 1, '2017-11-13 05:41:31', NULL, '2017-11-13 05:41:31'),
(6, 6, 3, '2017-11-13 05:42:03', NULL, '2017-11-13 05:42:03'),
(7, 7, 4, '2017-11-13 05:42:35', '2017-11-18 02:35:02', '2017-11-13 05:42:35'),
(8, 8, 3, '2017-11-13 05:43:13', '2017-11-18 02:32:26', '2017-11-13 05:43:13'),
(9, 9, 2, '2017-11-13 05:43:49', NULL, '2017-11-13 05:43:49'),
(10, 10, 1, '2017-11-13 06:30:45', '2017-11-18 02:34:28', '2017-11-13 06:30:45'),
(11, 1, 2, '2017-11-15 06:52:26', '2017-11-17 02:23:05', '2017-11-15 06:52:26'),
(12, 4, 3, '2017-11-15 06:52:35', NULL, '2017-11-15 06:52:35'),
(13, 2, 3, '2017-11-15 06:52:43', NULL, '2017-11-15 06:52:43'),
(14, 3, 3, '2017-11-15 06:52:49', NULL, '2017-11-15 06:52:49'),
(15, 1, 3, '2017-11-17 06:53:05', NULL, '2017-11-17 06:53:05'),
(16, 8, 1, '2017-11-18 07:02:26', NULL, '2017-11-18 07:02:26'),
(17, 11, 2, '2017-11-18 07:04:03', NULL, '2017-11-18 07:04:03'),
(18, 10, 2, '2017-11-18 07:04:28', NULL, '2017-11-18 07:04:28'),
(19, 7, 2, '2017-11-18 07:05:02', NULL, '2017-11-18 07:05:02'),
(20, 12, 1, '2021-04-08 17:54:22', NULL, '2021-04-08 17:54:22'),
(21, 13, 2, '2021-04-09 08:35:27', NULL, '2021-04-09 08:35:27');

-- --------------------------------------------------------

--
-- Table structure for table `id_card_type`
--

CREATE TABLE `id_card_type` (
  `id_card_type_id` int(10) NOT NULL,
  `id_card_type` varchar(100) NOT NULL
) ENGINE=InnoDB DEFAULT CHARSET=latin1 COLLATE=latin1_swedish_ci;

--
-- Dumping data for table `id_card_type`
--

INSERT INTO `id_card_type` (`id_card_type_id`, `id_card_type`) VALUES
(1, 'National Identity Card'),
(2, 'Voter Id Card'),
(3, 'Pan Card'),
(4, 'Driving License');

-- --------------------------------------------------------

--
-- Table structure for table `room`
--

CREATE TABLE `room` (
  `room_id` int(10) NOT NULL,
  `room_type_id` int(10) NOT NULL,
  `room_no` varchar(10) NOT NULL,
  `status` tinyint(1) DEFAULT NULL,
  `check_in_status` tinyint(1) NOT NULL,
  `check_out_status` tinyint(1) NOT NULL,
  `deleteStatus` tinyint(1) DEFAULT 0
) ENGINE=InnoDB DEFAULT CHARSET=latin1 COLLATE=latin1_swedish_ci;

--
-- Dumping data for table `room`
--

INSERT INTO `room` (`room_id`, `room_type_id`, `room_no`, `status`, `check_in_status`, `check_out_status`, `deleteStatus`) VALUES
(1, 2, 'A-101', NULL, 0, 0, 1),
(2, 2, 'A-102', 1, 1, 1, 0),
(3, 3, 'A-103', NULL, 0, 0, 0),
(4, 4, 'A-104', NULL, 0, 0, 0),
(5, 1, 'B-101', 1, 0, 0, 0),
(6, 2, 'B-102', NULL, 0, 0, 1),
(7, 3, 'B-103', 1, 0, 0, 0),
(8, 4, 'B-104', NULL, 0, 0, 1),
(9, 1, 'C-101', 1, 0, 0, 0),
(10, 2, 'C-102', 1, 0, 0, 0),
(11, 3, 'C-103', NULL, 0, 0, 1),
(12, 4, 'C-104', NULL, 0, 0, 0),
(13, 4, 'D-101', NULL, 0, 1, 1),
(14, 5, 'K-699', 1, 1, 0, 0),
(15, 5, 'K-799', NULL, 0, 0, 0),
(16, 5, 'K-899', NULL, 0, 0, 0),
(17, 6, 'M-333', NULL, 0, 0, 0),
(18, 6, 'M-444', NULL, 0, 0, 0),
(19, 6, 'M-555', NULL, 0, 0, 0),
(20, 9, 'P-696', NULL, 0, 0, 0),
(21, 10, 'M-966', NULL, 0, 0, 0),
(22, 10, 'M-869', NULL, 0, 1, 0),
(23, 8, 'Z-666', NULL, 0, 0, 0),
(24, 7, 'X-969', NULL, 0, 0, 0),
(25, 8, 'Z-111', NULL, 0, 0, 0),
(26, 6, 'M-135', NULL, 0, 0, 0);

-- --------------------------------------------------------

--
-- Table structure for table `room_type`
--

CREATE TABLE `room_type` (
  `room_type_id` int(10) NOT NULL,
  `room_type` varchar(100) NOT NULL,
  `price` int(10) NOT NULL,
  `max_person` int(10) NOT NULL
) ENGINE=InnoDB DEFAULT CHARSET=latin1 COLLATE=latin1_swedish_ci;

--
-- Dumping data for table `room_type`
--

INSERT INTO `room_type` (`room_type_id`, `room_type`, `price`, `max_person`) VALUES
(1, 'Single', 1000, 1),
(2, 'Double', 1500, 2),
(3, 'Triple', 2000, 3),
(4, 'Family', 3000, 2),
(5, 'King Sized', 5500, 4),
(6, 'Master Suite', 6500, 6),
(7, 'Mini-Suite', 3600, 3),
(8, 'Connecting Rooms', 8000, 6),
(9, 'Presidential Suite', 21000, 4),
(10, 'Murphy Room', 6900, 3);

-- --------------------------------------------------------

--
-- Table structure for table `shift`
--

CREATE TABLE `shift` (
  `shift_id` int(10) NOT NULL,
  `shift` varchar(100) NOT NULL,
  `shift_timing` varchar(100) NOT NULL
) ENGINE=InnoDB DEFAULT CHARSET=latin1 COLLATE=latin1_swedish_ci;

--
-- Dumping data for table `shift`
--

INSERT INTO `shift` (`shift_id`, `shift`, `shift_timing`) VALUES
(1, 'Morning', '5:00 AM - 10:00 AM'),
(2, 'Day', '10:00 AM - 4:00PM'),
(3, 'Evening', '4:00 PM - 10:00 PM'),
(4, 'Night', '10:00PM - 5:00AM');

-- --------------------------------------------------------

--
-- Table structure for table `staff`
--

CREATE TABLE `staff` (
  `emp_id` int(11) NOT NULL,
  `emp_name` varchar(100) NOT NULL,
  `staff_type_id` int(11) NOT NULL,
  `shift_id` int(11) NOT NULL,
  `id_card_type` int(11) NOT NULL,
  `id_card_no` varchar(20) NOT NULL,
  `address` varchar(100) NOT NULL,
  `contact_no` bigint(20) NOT NULL,
  `salary` bigint(20) NOT NULL,
  `joining_date` timestamp NOT NULL DEFAULT current_timestamp(),
  `updated_at` timestamp NOT NULL DEFAULT current_timestamp() ON UPDATE current_timestamp()
) ENGINE=InnoDB DEFAULT CHARSET=latin1 COLLATE=latin1_swedish_ci;

--
-- Dumping data for table `staff`
--

INSERT INTO `staff` (`emp_id`, `emp_name`, `staff_type_id`, `shift_id`, `id_card_type`, `id_card_no`, `address`, `contact_no`, `salary`, `joining_date`, `updated_at`) VALUES
(1, 'Joseph Bow', 1, 3, 1, '422510099122', '4516 Spruce Drive\n', 3479454777, 21000, '2020-11-13 05:39:06', '2021-04-08 17:36:16'),
(2, 'Cleta Landon', 3, 3, 1, '422510099122', '2555 Hillside Drive', 1479994500, 12500, '2021-04-07 20:21:00', '2021-04-08 17:36:23'),
(3, 'Gerald White', 2, 3, 1, '422510099122', 'Ap #897-1459 Quam Avenue', 976543111, 25000, '2019-11-13 05:40:18', '2021-04-08 17:36:27'),
(4, 'Frank J. Welch', 2, 3, 2, '0', '2272 Sun Valley Road\n', 7451112450, 31000, '2017-11-13 05:40:55', '2021-04-08 17:36:33'),
(5, 'Gary Johnson', 4, 1, 1, '12345341212', '458 Chandler Drive\n', 4578884500, 28000, '2018-11-13 05:41:31', '2021-04-08 17:36:42'),
(6, 'Miguel M. Miller', 3, 3, 3, '0', 'Ap #897-1459 Quam Avenue', 8520000000, 40000, '2017-11-13 05:42:03', '2021-04-08 17:36:47'),
(7, 'Clement L. Brainerd\n', 2, 2, 1, '422510099122', '4381 Gateway Road\n', 4547778450, 40000, '2017-11-13 05:42:35', '2021-04-08 17:36:51'),
(8, 'Randall Leclair', 1, 1, 4, '0', '1724 Round Table Drive\n', 1457845554, 15000, '2020-11-13 05:43:13', '2021-04-08 17:36:56'),
(9, 'Fredrick A. Wile', 3, 2, 4, '0', '3431 Joyce Street\n', 7145554500, 20000, '2020-11-13 05:43:49', '2021-04-08 17:36:59'),
(10, 'Brent Tatro', 5, 2, 1, '422510099122', '1616 Coventry Court\n', 3475468569, 24000, '2019-11-13 06:30:45', '2021-04-08 17:37:07'),
(11, 'Charles Miller', 3, 2, 1, '0', '382 Byers Lane\n', 7869696969, 20000, '2019-11-18 07:04:03', '2021-04-08 17:37:10'),
(12, 'John Doe', 2, 1, 4, 'AD69 14579500002', '3714  Duffy Street', 1475550036, 13500, '2021-04-08 17:54:22', '2021-04-08 17:54:22'),
(13, 'Brent Dixon', 9, 2, 1, '457854555012', '1821 Harry Place', 7457778560, 65500, '2021-04-09 08:35:27', '2021-04-09 08:35:27');

-- --------------------------------------------------------

--
-- Table structure for table `staff_type`
--

CREATE TABLE `staff_type` (
  `staff_type_id` int(10) NOT NULL,
  `staff_type` varchar(100) NOT NULL
) ENGINE=InnoDB DEFAULT CHARSET=latin1 COLLATE=latin1_swedish_ci;

--
-- Dumping data for table `staff_type`
--

INSERT INTO `staff_type` (`staff_type_id`, `staff_type`) VALUES
(1, 'Manager'),
(2, 'Housekeeping Manager'),
(3, 'Front Desk Receptionist'),
(4, 'Cheif'),
(5, 'Waiter'),
(6, 'Room Attendant'),
(7, 'Concierge'),
(8, 'Hotel Maintenance Engineer'),
(9, 'Hotel Sales Manager');

-- --------------------------------------------------------

--
-- Table structure for table `user`
--

CREATE TABLE `user` (
  `id` int(11) NOT NULL,
  `name` varchar(100) NOT NULL,
  `username` varchar(15) NOT NULL,
  `email` varchar(100) NOT NULL,
  `password` varchar(100) NOT NULL,
  `created_at` timestamp NOT NULL DEFAULT current_timestamp()
) ENGINE=InnoDB DEFAULT CHARSET=latin1 COLLATE=latin1_swedish_ci;

--
-- Dumping data for table `user`
--

INSERT INTO `user` (`id`, `name`, `username`, `email`, `password`, `created_at`) VALUES
(2, 'Christine', 'christine', 'christine@gmail.com', 'fb1e75090b96d2e0abec0ec980c2f392', '2015-11-12 12:49:22'),
(3, 'Harry Denn', 'harryden', 'harryden@gmail.com', 'd0a512f262ed34abed0c45cefe08c429', '2016-04-01 12:49:22');

--
-- Indexes for dumped tables
--

--
-- Indexes for table `booking`
--
ALTER TABLE `booking`
  ADD PRIMARY KEY (`booking_id`),
  ADD KEY `customer_id` (`customer_id`),
  ADD KEY `room_id` (`room_id`);

--
-- Indexes for table `complaint`
--
ALTER TABLE `complaint`
  ADD PRIMARY KEY (`id`);

--
-- Indexes for table `customer`
--
ALTER TABLE `customer`
  ADD PRIMARY KEY (`customer_id`),
  ADD KEY `customer_id_type` (`id_card_type_id`);

--
-- Indexes for table `emp_history`
--
ALTER TABLE `emp_history`
  ADD PRIMARY KEY (`id`),
  ADD KEY `emp_id` (`emp_id`),
  ADD KEY `shift_id` (`shift_id`);

--
-- Indexes for table `id_card_type`
--
ALTER TABLE `id_card_type`
  ADD PRIMARY KEY (`id_card_type_id`);

--
-- Indexes for table `room`
--
ALTER TABLE `room`
  ADD PRIMARY KEY (`room_id`),
  ADD KEY `room_type_id` (`room_type_id`);

--
-- Indexes for table `room_type`
--
ALTER TABLE `room_type`
  ADD PRIMARY KEY (`room_type_id`);

--
-- Indexes for table `shift`
--
ALTER TABLE `shift`
  ADD PRIMARY KEY (`shift_id`);

--
-- Indexes for table `staff`
--
ALTER TABLE `staff`
  ADD PRIMARY KEY (`emp_id`),
  ADD KEY `id_card_type` (`id_card_type`),
  ADD KEY `shift_id` (`shift_id`),
  ADD KEY `staff_type_id` (`staff_type_id`);

--
-- Indexes for table `staff_type`
--
ALTER TABLE `staff_type`
  ADD PRIMARY KEY (`staff_type_id`);

--
-- Indexes for table `user`
--
ALTER TABLE `user`
  ADD PRIMARY KEY (`id`);

--
-- AUTO_INCREMENT for dumped tables
--

--
-- AUTO_INCREMENT for table `booking`
--
ALTER TABLE `booking`
  MODIFY `booking_id` int(10) NOT NULL AUTO_INCREMENT, AUTO_INCREMENT=16;

--
-- AUTO_INCREMENT for table `complaint`
--
ALTER TABLE `complaint`
  MODIFY `id` int(11) NOT NULL AUTO_INCREMENT, AUTO_INCREMENT=6;

--
-- AUTO_INCREMENT for table `customer`
--
ALTER TABLE `customer`
  MODIFY `customer_id` int(10) NOT NULL AUTO_INCREMENT, AUTO_INCREMENT=16;

--
-- AUTO_INCREMENT for table `emp_history`
--
ALTER TABLE `emp_history`
  MODIFY `id` int(11) NOT NULL AUTO_INCREMENT, AUTO_INCREMENT=22;

--
-- AUTO_INCREMENT for table `id_card_type`
--
ALTER TABLE `id_card_type`
  MODIFY `id_card_type_id` int(10) NOT NULL AUTO_INCREMENT, AUTO_INCREMENT=5;

--
-- AUTO_INCREMENT for table `room`
--
ALTER TABLE `room`
  MODIFY `room_id` int(10) NOT NULL AUTO_INCREMENT, AUTO_INCREMENT=27;

--
-- AUTO_INCREMENT for table `room_type`
--
ALTER TABLE `room_type`
  MODIFY `room_type_id` int(10) NOT NULL AUTO_INCREMENT, AUTO_INCREMENT=11;

--
-- AUTO_INCREMENT for table `shift`
--
ALTER TABLE `shift`
  MODIFY `shift_id` int(10) NOT NULL AUTO_INCREMENT, AUTO_INCREMENT=5;

--
-- AUTO_INCREMENT for table `staff`
--
ALTER TABLE `staff`
  MODIFY `emp_id` int(11) NOT NULL AUTO_INCREMENT, AUTO_INCREMENT=14;

--
-- AUTO_INCREMENT for table `staff_type`
--
ALTER TABLE `staff_type`
  MODIFY `staff_type_id` int(10) NOT NULL AUTO_INCREMENT, AUTO_INCREMENT=10;

--
-- AUTO_INCREMENT for table `user`
--
ALTER TABLE `user`
  MODIFY `id` int(11) NOT NULL AUTO_INCREMENT, AUTO_INCREMENT=4;

--
-- Constraints for dumped tables
--

--
-- Constraints for table `booking`
--
ALTER TABLE `booking`
  ADD CONSTRAINT `booking_ibfk_1` FOREIGN KEY (`customer_id`) REFERENCES `customer` (`customer_id`),
  ADD CONSTRAINT `booking_ibfk_2` FOREIGN KEY (`room_id`) REFERENCES `room` (`room_id`);

--
-- Constraints for table `customer`
--
ALTER TABLE `customer`
  ADD CONSTRAINT `customer_ibfk_1` FOREIGN KEY (`id_card_type_id`) REFERENCES `id_card_type` (`id_card_type_id`);

--
-- Constraints for table `emp_history`
--
ALTER TABLE `emp_history`
  ADD CONSTRAINT `emp_history_ibfk_1` FOREIGN KEY (`emp_id`) REFERENCES `staff` (`emp_id`),
  ADD CONSTRAINT `emp_history_ibfk_2` FOREIGN KEY (`shift_id`) REFERENCES `shift` (`shift_id`);

--
-- Constraints for table `room`
--
ALTER TABLE `room`
  ADD CONSTRAINT `room_ibfk_1` FOREIGN KEY (`room_type_id`) REFERENCES `room_type` (`room_type_id`);

--
-- Constraints for table `staff`
--
ALTER TABLE `staff`
  ADD CONSTRAINT `staff_ibfk_1` FOREIGN KEY (`id_card_type`) REFERENCES `id_card_type` (`id_card_type_id`),
  ADD CONSTRAINT `staff_ibfk_2` FOREIGN KEY (`shift_id`) REFERENCES `shift` (`shift_id`),
  ADD CONSTRAINT `staff_ibfk_3` FOREIGN KEY (`staff_type_id`) REFERENCES `staff_type` (`staff_type_id`);
--
-- Database: `phpmyadmin`
--
CREATE DATABASE IF NOT EXISTS `phpmyadmin` DEFAULT CHARACTER SET utf8 COLLATE utf8_bin;
USE `phpmyadmin`;

-- --------------------------------------------------------

--
-- Table structure for table `pma__bookmark`
--

CREATE TABLE `pma__bookmark` (
  `id` int(10) UNSIGNED NOT NULL,
  `dbase` varchar(255) NOT NULL DEFAULT '',
  `user` varchar(255) NOT NULL DEFAULT '',
  `label` varchar(255) CHARACTER SET utf8 COLLATE utf8_general_ci NOT NULL DEFAULT '',
  `query` text NOT NULL
) ENGINE=InnoDB DEFAULT CHARSET=utf8 COLLATE=utf8_bin COMMENT='Bookmarks';

-- --------------------------------------------------------

--
-- Table structure for table `pma__central_columns`
--

CREATE TABLE `pma__central_columns` (
  `db_name` varchar(64) NOT NULL,
  `col_name` varchar(64) NOT NULL,
  `col_type` varchar(64) NOT NULL,
  `col_length` text DEFAULT NULL,
  `col_collation` varchar(64) NOT NULL,
  `col_isNull` tinyint(1) NOT NULL,
  `col_extra` varchar(255) DEFAULT '',
  `col_default` text DEFAULT NULL
) ENGINE=InnoDB DEFAULT CHARSET=utf8 COLLATE=utf8_bin COMMENT='Central list of columns';

-- --------------------------------------------------------

--
-- Table structure for table `pma__column_info`
--

CREATE TABLE `pma__column_info` (
  `id` int(5) UNSIGNED NOT NULL,
  `db_name` varchar(64) NOT NULL DEFAULT '',
  `table_name` varchar(64) NOT NULL DEFAULT '',
  `column_name` varchar(64) NOT NULL DEFAULT '',
  `comment` varchar(255) CHARACTER SET utf8 COLLATE utf8_general_ci NOT NULL DEFAULT '',
  `mimetype` varchar(255) CHARACTER SET utf8 COLLATE utf8_general_ci NOT NULL DEFAULT '',
  `transformation` varchar(255) NOT NULL DEFAULT '',
  `transformation_options` varchar(255) NOT NULL DEFAULT '',
  `input_transformation` varchar(255) NOT NULL DEFAULT '',
  `input_transformation_options` varchar(255) NOT NULL DEFAULT ''
) ENGINE=InnoDB DEFAULT CHARSET=utf8 COLLATE=utf8_bin COMMENT='Column information for phpMyAdmin';

-- --------------------------------------------------------

--
-- Table structure for table `pma__designer_settings`
--

CREATE TABLE `pma__designer_settings` (
  `username` varchar(64) NOT NULL,
  `settings_data` text NOT NULL
) ENGINE=InnoDB DEFAULT CHARSET=utf8 COLLATE=utf8_bin COMMENT='Settings related to Designer';

-- --------------------------------------------------------

--
-- Table structure for table `pma__export_templates`
--

CREATE TABLE `pma__export_templates` (
  `id` int(5) UNSIGNED NOT NULL,
  `username` varchar(64) NOT NULL,
  `export_type` varchar(10) NOT NULL,
  `template_name` varchar(64) NOT NULL,
  `template_data` text NOT NULL
) ENGINE=InnoDB DEFAULT CHARSET=utf8 COLLATE=utf8_bin COMMENT='Saved export templates';

--
-- Dumping data for table `pma__export_templates`
--

INSERT INTO `pma__export_templates` (`id`, `username`, `export_type`, `template_name`, `template_data`) VALUES
(1, 'root', 'table', 'lf', '{\"quick_or_custom\":\"quick\",\"what\":\"sql\",\"allrows\":\"1\",\"aliases_new\":\"\",\"output_format\":\"sendit\",\"filename_template\":\"@TABLE@\",\"remember_template\":\"on\",\"charset\":\"utf-8\",\"compression\":\"none\",\"maxsize\":\"\",\"codegen_structure_or_data\":\"data\",\"codegen_format\":\"0\",\"csv_separator\":\",\",\"csv_enclosed\":\"\\\"\",\"csv_escaped\":\"\\\"\",\"csv_terminated\":\"AUTO\",\"csv_null\":\"NULL\",\"csv_columns\":\"something\",\"csv_structure_or_data\":\"data\",\"excel_null\":\"NULL\",\"excel_columns\":\"something\",\"excel_edition\":\"win\",\"excel_structure_or_data\":\"data\",\"json_structure_or_data\":\"data\",\"json_unicode\":\"something\",\"latex_caption\":\"something\",\"latex_structure_or_data\":\"structure_and_data\",\"latex_structure_caption\":\"Structure of table @TABLE@\",\"latex_structure_continued_caption\":\"Structure of table @TABLE@ (continued)\",\"latex_structure_label\":\"tab:@TABLE@-structure\",\"latex_relation\":\"something\",\"latex_comments\":\"something\",\"latex_mime\":\"something\",\"latex_columns\":\"something\",\"latex_data_caption\":\"Content of table @TABLE@\",\"latex_data_continued_caption\":\"Content of table @TABLE@ (continued)\",\"latex_data_label\":\"tab:@TABLE@-data\",\"latex_null\":\"\\\\textit{NULL}\",\"mediawiki_structure_or_data\":\"data\",\"mediawiki_caption\":\"something\",\"mediawiki_headers\":\"something\",\"htmlword_structure_or_data\":\"structure_and_data\",\"htmlword_null\":\"NULL\",\"ods_null\":\"NULL\",\"ods_structure_or_data\":\"data\",\"odt_structure_or_data\":\"structure_and_data\",\"odt_relation\":\"something\",\"odt_comments\":\"something\",\"odt_mime\":\"something\",\"odt_columns\":\"something\",\"odt_null\":\"NULL\",\"pdf_report_title\":\"\",\"pdf_structure_or_data\":\"data\",\"phparray_structure_or_data\":\"data\",\"sql_include_comments\":\"something\",\"sql_header_comment\":\"\",\"sql_use_transaction\":\"something\",\"sql_compatibility\":\"NONE\",\"sql_structure_or_data\":\"structure_and_data\",\"sql_create_table\":\"something\",\"sql_auto_increment\":\"something\",\"sql_create_view\":\"something\",\"sql_create_trigger\":\"something\",\"sql_backquotes\":\"something\",\"sql_type\":\"INSERT\",\"sql_insert_syntax\":\"both\",\"sql_max_query_size\":\"50000\",\"sql_hex_for_binary\":\"something\",\"sql_utc_time\":\"something\",\"texytext_structure_or_data\":\"structure_and_data\",\"texytext_null\":\"NULL\",\"xml_structure_or_data\":\"data\",\"xml_export_events\":\"something\",\"xml_export_functions\":\"something\",\"xml_export_procedures\":\"something\",\"xml_export_tables\":\"something\",\"xml_export_triggers\":\"something\",\"xml_export_views\":\"something\",\"xml_export_contents\":\"something\",\"yaml_structure_or_data\":\"data\",\"\":null,\"lock_tables\":null,\"csv_removeCRLF\":null,\"excel_removeCRLF\":null,\"json_pretty_print\":null,\"htmlword_columns\":null,\"ods_columns\":null,\"sql_dates\":null,\"sql_relation\":null,\"sql_mime\":null,\"sql_disable_fk\":null,\"sql_views_as_tables\":null,\"sql_metadata\":null,\"sql_drop_table\":null,\"sql_if_not_exists\":null,\"sql_simple_view_export\":null,\"sql_view_current_user\":null,\"sql_or_replace_view\":null,\"sql_procedure_function\":null,\"sql_truncate\":null,\"sql_delayed\":null,\"sql_ignore\":null,\"texytext_columns\":null}');

-- --------------------------------------------------------

--
-- Table structure for table `pma__favorite`
--

CREATE TABLE `pma__favorite` (
  `username` varchar(64) NOT NULL,
  `tables` text NOT NULL
) ENGINE=InnoDB DEFAULT CHARSET=utf8 COLLATE=utf8_bin COMMENT='Favorite tables';

-- --------------------------------------------------------

--
-- Table structure for table `pma__history`
--

CREATE TABLE `pma__history` (
  `id` bigint(20) UNSIGNED NOT NULL,
  `username` varchar(64) NOT NULL DEFAULT '',
  `db` varchar(64) NOT NULL DEFAULT '',
  `table` varchar(64) NOT NULL DEFAULT '',
  `timevalue` timestamp NOT NULL DEFAULT current_timestamp(),
  `sqlquery` text NOT NULL
) ENGINE=InnoDB DEFAULT CHARSET=utf8 COLLATE=utf8_bin COMMENT='SQL history for phpMyAdmin';

-- --------------------------------------------------------

--
-- Table structure for table `pma__navigationhiding`
--

CREATE TABLE `pma__navigationhiding` (
  `username` varchar(64) NOT NULL,
  `item_name` varchar(64) NOT NULL,
  `item_type` varchar(64) NOT NULL,
  `db_name` varchar(64) NOT NULL,
  `table_name` varchar(64) NOT NULL
) ENGINE=InnoDB DEFAULT CHARSET=utf8 COLLATE=utf8_bin COMMENT='Hidden items of navigation tree';

-- --------------------------------------------------------

--
-- Table structure for table `pma__pdf_pages`
--

CREATE TABLE `pma__pdf_pages` (
  `db_name` varchar(64) NOT NULL DEFAULT '',
  `page_nr` int(10) UNSIGNED NOT NULL,
  `page_descr` varchar(50) CHARACTER SET utf8 COLLATE utf8_general_ci NOT NULL DEFAULT ''
) ENGINE=InnoDB DEFAULT CHARSET=utf8 COLLATE=utf8_bin COMMENT='PDF relation pages for phpMyAdmin';

-- --------------------------------------------------------

--
-- Table structure for table `pma__recent`
--

CREATE TABLE `pma__recent` (
  `username` varchar(64) NOT NULL,
  `tables` text NOT NULL
) ENGINE=InnoDB DEFAULT CHARSET=utf8 COLLATE=utf8_bin COMMENT='Recently accessed tables';

--
-- Dumping data for table `pma__recent`
--

INSERT INTO `pma__recent` (`username`, `tables`) VALUES
('root', '[{\"db\":\"atiweb\",\"table\":\"lecturer\"},{\"db\":\"atiweb\",\"table\":\"course\"},{\"db\":\"hotelms\",\"table\":\"booking\"},{\"db\":\"hotelms\",\"table\":\"customer\"},{\"db\":\"hotelms\",\"table\":\"staff\"},{\"db\":\"hotelms\",\"table\":\"shift\"},{\"db\":\"hotelms\",\"table\":\"complaint\"},{\"db\":\"hotelms\",\"table\":\"room\"},{\"db\":\"hotelms\",\"table\":\"room_type\"},{\"db\":\"hotelms\",\"table\":\"user\"}]');

-- --------------------------------------------------------

--
-- Table structure for table `pma__relation`
--

CREATE TABLE `pma__relation` (
  `master_db` varchar(64) NOT NULL DEFAULT '',
  `master_table` varchar(64) NOT NULL DEFAULT '',
  `master_field` varchar(64) NOT NULL DEFAULT '',
  `foreign_db` varchar(64) NOT NULL DEFAULT '',
  `foreign_table` varchar(64) NOT NULL DEFAULT '',
  `foreign_field` varchar(64) NOT NULL DEFAULT ''
) ENGINE=InnoDB DEFAULT CHARSET=utf8 COLLATE=utf8_bin COMMENT='Relation table';

-- --------------------------------------------------------

--
-- Table structure for table `pma__savedsearches`
--

CREATE TABLE `pma__savedsearches` (
  `id` int(5) UNSIGNED NOT NULL,
  `username` varchar(64) NOT NULL DEFAULT '',
  `db_name` varchar(64) NOT NULL DEFAULT '',
  `search_name` varchar(64) NOT NULL DEFAULT '',
  `search_data` text NOT NULL
) ENGINE=InnoDB DEFAULT CHARSET=utf8 COLLATE=utf8_bin COMMENT='Saved searches';

-- --------------------------------------------------------

--
-- Table structure for table `pma__table_coords`
--

CREATE TABLE `pma__table_coords` (
  `db_name` varchar(64) NOT NULL DEFAULT '',
  `table_name` varchar(64) NOT NULL DEFAULT '',
  `pdf_page_number` int(11) NOT NULL DEFAULT 0,
  `x` float UNSIGNED NOT NULL DEFAULT 0,
  `y` float UNSIGNED NOT NULL DEFAULT 0
) ENGINE=InnoDB DEFAULT CHARSET=utf8 COLLATE=utf8_bin COMMENT='Table coordinates for phpMyAdmin PDF output';

-- --------------------------------------------------------

--
-- Table structure for table `pma__table_info`
--

CREATE TABLE `pma__table_info` (
  `db_name` varchar(64) NOT NULL DEFAULT '',
  `table_name` varchar(64) NOT NULL DEFAULT '',
  `display_field` varchar(64) NOT NULL DEFAULT ''
) ENGINE=InnoDB DEFAULT CHARSET=utf8 COLLATE=utf8_bin COMMENT='Table information for phpMyAdmin';

-- --------------------------------------------------------

--
-- Table structure for table `pma__table_uiprefs`
--

CREATE TABLE `pma__table_uiprefs` (
  `username` varchar(64) NOT NULL,
  `db_name` varchar(64) NOT NULL,
  `table_name` varchar(64) NOT NULL,
  `prefs` text NOT NULL,
  `last_update` timestamp NOT NULL DEFAULT current_timestamp() ON UPDATE current_timestamp()
) ENGINE=InnoDB DEFAULT CHARSET=utf8 COLLATE=utf8_bin COMMENT='Tables'' UI preferences';

-- --------------------------------------------------------

--
-- Table structure for table `pma__tracking`
--

CREATE TABLE `pma__tracking` (
  `db_name` varchar(64) NOT NULL,
  `table_name` varchar(64) NOT NULL,
  `version` int(10) UNSIGNED NOT NULL,
  `date_created` datetime NOT NULL,
  `date_updated` datetime NOT NULL,
  `schema_snapshot` text NOT NULL,
  `schema_sql` text DEFAULT NULL,
  `data_sql` longtext DEFAULT NULL,
  `tracking` set('UPDATE','REPLACE','INSERT','DELETE','TRUNCATE','CREATE DATABASE','ALTER DATABASE','DROP DATABASE','CREATE TABLE','ALTER TABLE','RENAME TABLE','DROP TABLE','CREATE INDEX','DROP INDEX','CREATE VIEW','ALTER VIEW','DROP VIEW') DEFAULT NULL,
  `tracking_active` int(1) UNSIGNED NOT NULL DEFAULT 1
) ENGINE=InnoDB DEFAULT CHARSET=utf8 COLLATE=utf8_bin COMMENT='Database changes tracking for phpMyAdmin';

-- --------------------------------------------------------

--
-- Table structure for table `pma__userconfig`
--

CREATE TABLE `pma__userconfig` (
  `username` varchar(64) NOT NULL,
  `timevalue` timestamp NOT NULL DEFAULT current_timestamp() ON UPDATE current_timestamp(),
  `config_data` text NOT NULL
) ENGINE=InnoDB DEFAULT CHARSET=utf8 COLLATE=utf8_bin COMMENT='User preferences storage for phpMyAdmin';

--
-- Dumping data for table `pma__userconfig`
--

INSERT INTO `pma__userconfig` (`username`, `timevalue`, `config_data`) VALUES
('root', '2023-12-17 17:07:32', '{\"Console\\/Mode\":\"collapse\"}');

-- --------------------------------------------------------

--
-- Table structure for table `pma__usergroups`
--

CREATE TABLE `pma__usergroups` (
  `usergroup` varchar(64) NOT NULL,
  `tab` varchar(64) NOT NULL,
  `allowed` enum('Y','N') NOT NULL DEFAULT 'N'
) ENGINE=InnoDB DEFAULT CHARSET=utf8 COLLATE=utf8_bin COMMENT='User groups with configured menu items';

-- --------------------------------------------------------

--
-- Table structure for table `pma__users`
--

CREATE TABLE `pma__users` (
  `username` varchar(64) NOT NULL,
  `usergroup` varchar(64) NOT NULL
) ENGINE=InnoDB DEFAULT CHARSET=utf8 COLLATE=utf8_bin COMMENT='Users and their assignments to user groups';

--
-- Indexes for dumped tables
--

--
-- Indexes for table `pma__bookmark`
--
ALTER TABLE `pma__bookmark`
  ADD PRIMARY KEY (`id`);

--
-- Indexes for table `pma__central_columns`
--
ALTER TABLE `pma__central_columns`
  ADD PRIMARY KEY (`db_name`,`col_name`);

--
-- Indexes for table `pma__column_info`
--
ALTER TABLE `pma__column_info`
  ADD PRIMARY KEY (`id`),
  ADD UNIQUE KEY `db_name` (`db_name`,`table_name`,`column_name`);

--
-- Indexes for table `pma__designer_settings`
--
ALTER TABLE `pma__designer_settings`
  ADD PRIMARY KEY (`username`);

--
-- Indexes for table `pma__export_templates`
--
ALTER TABLE `pma__export_templates`
  ADD PRIMARY KEY (`id`),
  ADD UNIQUE KEY `u_user_type_template` (`username`,`export_type`,`template_name`);

--
-- Indexes for table `pma__favorite`
--
ALTER TABLE `pma__favorite`
  ADD PRIMARY KEY (`username`);

--
-- Indexes for table `pma__history`
--
ALTER TABLE `pma__history`
  ADD PRIMARY KEY (`id`),
  ADD KEY `username` (`username`,`db`,`table`,`timevalue`);

--
-- Indexes for table `pma__navigationhiding`
--
ALTER TABLE `pma__navigationhiding`
  ADD PRIMARY KEY (`username`,`item_name`,`item_type`,`db_name`,`table_name`);

--
-- Indexes for table `pma__pdf_pages`
--
ALTER TABLE `pma__pdf_pages`
  ADD PRIMARY KEY (`page_nr`),
  ADD KEY `db_name` (`db_name`);

--
-- Indexes for table `pma__recent`
--
ALTER TABLE `pma__recent`
  ADD PRIMARY KEY (`username`);

--
-- Indexes for table `pma__relation`
--
ALTER TABLE `pma__relation`
  ADD PRIMARY KEY (`master_db`,`master_table`,`master_field`),
  ADD KEY `foreign_field` (`foreign_db`,`foreign_table`);

--
-- Indexes for table `pma__savedsearches`
--
ALTER TABLE `pma__savedsearches`
  ADD PRIMARY KEY (`id`),
  ADD UNIQUE KEY `u_savedsearches_username_dbname` (`username`,`db_name`,`search_name`);

--
-- Indexes for table `pma__table_coords`
--
ALTER TABLE `pma__table_coords`
  ADD PRIMARY KEY (`db_name`,`table_name`,`pdf_page_number`);

--
-- Indexes for table `pma__table_info`
--
ALTER TABLE `pma__table_info`
  ADD PRIMARY KEY (`db_name`,`table_name`);

--
-- Indexes for table `pma__table_uiprefs`
--
ALTER TABLE `pma__table_uiprefs`
  ADD PRIMARY KEY (`username`,`db_name`,`table_name`);

--
-- Indexes for table `pma__tracking`
--
ALTER TABLE `pma__tracking`
  ADD PRIMARY KEY (`db_name`,`table_name`,`version`);

--
-- Indexes for table `pma__userconfig`
--
ALTER TABLE `pma__userconfig`
  ADD PRIMARY KEY (`username`);

--
-- Indexes for table `pma__usergroups`
--
ALTER TABLE `pma__usergroups`
  ADD PRIMARY KEY (`usergroup`,`tab`,`allowed`);

--
-- Indexes for table `pma__users`
--
ALTER TABLE `pma__users`
  ADD PRIMARY KEY (`username`,`usergroup`);

--
-- AUTO_INCREMENT for dumped tables
--

--
-- AUTO_INCREMENT for table `pma__bookmark`
--
ALTER TABLE `pma__bookmark`
  MODIFY `id` int(10) UNSIGNED NOT NULL AUTO_INCREMENT;

--
-- AUTO_INCREMENT for table `pma__column_info`
--
ALTER TABLE `pma__column_info`
  MODIFY `id` int(5) UNSIGNED NOT NULL AUTO_INCREMENT;

--
-- AUTO_INCREMENT for table `pma__export_templates`
--
ALTER TABLE `pma__export_templates`
  MODIFY `id` int(5) UNSIGNED NOT NULL AUTO_INCREMENT, AUTO_INCREMENT=2;

--
-- AUTO_INCREMENT for table `pma__history`
--
ALTER TABLE `pma__history`
  MODIFY `id` bigint(20) UNSIGNED NOT NULL AUTO_INCREMENT;

--
-- AUTO_INCREMENT for table `pma__pdf_pages`
--
ALTER TABLE `pma__pdf_pages`
  MODIFY `page_nr` int(10) UNSIGNED NOT NULL AUTO_INCREMENT;

--
-- AUTO_INCREMENT for table `pma__savedsearches`
--
ALTER TABLE `pma__savedsearches`
  MODIFY `id` int(5) UNSIGNED NOT NULL AUTO_INCREMENT;
--
-- Database: `test`
--
CREATE DATABASE IF NOT EXISTS `test` DEFAULT CHARACTER SET latin1 COLLATE latin1_swedish_ci;
USE `test`;
--
-- Database: `tourism`
--
CREATE DATABASE IF NOT EXISTS `tourism` DEFAULT CHARACTER SET utf8mb4 COLLATE utf8mb4_general_ci;
USE `tourism`;

-- --------------------------------------------------------

--
-- Table structure for table `permissions`
--

CREATE TABLE `permissions` (
  `id` int(11) NOT NULL,
  `permission` varchar(255) CHARACTER SET latin1 COLLATE latin1_swedish_ci NOT NULL,
  `createuser` varchar(255) DEFAULT NULL,
  `deleteuser` varchar(255) DEFAULT NULL,
  `createbid` varchar(255) DEFAULT NULL,
  `updatebid` varchar(255) DEFAULT NULL
) ENGINE=InnoDB DEFAULT CHARSET=utf8mb4 COLLATE=utf8mb4_general_ci;

--
-- Dumping data for table `permissions`
--

INSERT INTO `permissions` (`id`, `permission`, `createuser`, `deleteuser`, `createbid`, `updatebid`) VALUES
(1, 'Superuser', NULL, '1', '1', '1'),
(2, 'Admin', '1', NULL, '1', '1'),
(3, 'User', NULL, NULL, '1', NULL);

-- --------------------------------------------------------

--
-- Table structure for table `tbladmin`
--

CREATE TABLE `tbladmin` (
  `ID` int(10) NOT NULL,
  `Staffid` varchar(255) DEFAULT NULL,
  `AdminName` varchar(120) DEFAULT NULL,
  `UserName` varchar(120) DEFAULT NULL,
  `FirstName` varchar(255) DEFAULT NULL,
  `LastName` varchar(255) DEFAULT NULL,
  `MobileNumber` bigint(10) DEFAULT NULL,
  `Email` varchar(200) DEFAULT NULL,
  `Status` int(11) NOT NULL DEFAULT 1,
  `Photo` varchar(255) CHARACTER SET latin1 COLLATE latin1_swedish_ci NOT NULL DEFAULT 'avatar15.jpg',
  `Password` varchar(120) DEFAULT NULL,
  `AdminRegdate` timestamp NULL DEFAULT current_timestamp()
) ENGINE=InnoDB DEFAULT CHARSET=utf8mb4 COLLATE=utf8mb4_general_ci;

--
-- Dumping data for table `tbladmin`
--

INSERT INTO `tbladmin` (`ID`, `Staffid`, `AdminName`, `UserName`, `FirstName`, `LastName`, `MobileNumber`, `Email`, `Status`, `Photo`, `Password`, `AdminRegdate`) VALUES
(2, '10002', 'Admin', 'admin', 'John', 'Smith  ', 770546590, 'admin@gmail.com', 1, 'face19.jpg', '81dc9bdb52d04dc20036dbd8313ed055', '2021-06-21 10:18:39'),
(9, '10003', 'Admin', 'harry', 'Harry', 'Ronald ', 757537271, 'harry@gmail.com', 1, 'face27.jpg', '81dc9bdb52d04dc20036dbd8313ed055', '2021-06-21 07:08:48'),
(29, 'U002', 'User', 'morgan', 'Happy', 'Morgan', 770546590, 'morgan@gmail.com', 1, 'avatar15.jpg', '81dc9bdb52d04dc20036dbd8313ed055', '2021-07-21 14:26:42');

-- --------------------------------------------------------

--
-- Table structure for table `tblbooking`
--

CREATE TABLE `tblbooking` (
  `BookingId` int(11) NOT NULL,
  `PackageId` int(11) DEFAULT NULL,
  `UserEmail` varchar(100) DEFAULT NULL,
  `FromDate` varchar(100) DEFAULT NULL,
  `ToDate` varchar(100) DEFAULT NULL,
  `Comment` mediumtext DEFAULT NULL,
  `RegDate` timestamp NULL DEFAULT current_timestamp(),
  `status` int(11) DEFAULT NULL,
  `CancelledBy` varchar(5) DEFAULT NULL,
  `UpdationDate` timestamp NULL DEFAULT NULL ON UPDATE current_timestamp()
) ENGINE=InnoDB DEFAULT CHARSET=latin1 COLLATE=latin1_swedish_ci;

--
-- Dumping data for table `tblbooking`
--

INSERT INTO `tblbooking` (`BookingId`, `PackageId`, `UserEmail`, `FromDate`, `ToDate`, `Comment`, `RegDate`, `status`, `CancelledBy`, `UpdationDate`) VALUES
(13, 5, 'gerald@gmail.com', '2020-12-11', '2020-12-11', 'Real i need to tour that place', '2020-12-11 12:13:17', 1, '', '2021-01-14 18:35:06'),
(14, 2, 'gerald@gmail.com', '2021-01-12', '2021-01-15', 'kk', '2021-01-12 19:49:39', 2, 'u', '2021-01-14 11:20:42'),
(15, 4, 'gerald@gmail.com', '2021-01-14', '2021-01-16', 'tour', '2021-01-14 08:19:44', 2, 'u', '2021-02-15 08:56:58'),
(16, 2, 'gerald@gmail.com', '2021-03-26', '2021-03-31', 'I Really need to visit that place', '2021-03-24 22:48:36', 0, NULL, NULL),
(17, 6, 'admin@gmail.com', '2021-07-28', '2021-07-30', 'Test', '2021-07-24 09:51:52', 2, 'a', '2021-07-24 10:04:22'),
(18, 1, 'admin@gmail.com', '2021-07-24', '2021-07-26', 'smart travel test', '2021-07-24 09:59:34', 1, NULL, '2021-07-24 10:01:21');

-- --------------------------------------------------------

--
-- Table structure for table `tblcompany`
--

CREATE TABLE `tblcompany` (
  `id` int(11) NOT NULL,
  `regno` varchar(255) CHARACTER SET latin1 COLLATE latin1_swedish_ci DEFAULT NULL,
  `companyname` varchar(255) CHARACTER SET latin1 COLLATE latin1_swedish_ci DEFAULT NULL,
  `companyemail` varchar(255) CHARACTER SET latin1 COLLATE latin1_swedish_ci DEFAULT NULL,
  `country` varchar(255) CHARACTER SET latin1 COLLATE latin1_swedish_ci DEFAULT NULL,
  `companyphone` int(10) NOT NULL,
  `companyaddress` varchar(255) CHARACTER SET latin1 COLLATE latin1_swedish_ci NOT NULL,
  `companylogo` varchar(255) CHARACTER SET latin1 COLLATE latin1_swedish_ci NOT NULL DEFAULT 'avatar15.jpg',
  `status` varchar(255) CHARACTER SET latin1 COLLATE latin1_swedish_ci NOT NULL DEFAULT '0',
  `developer` varchar(255) CHARACTER SET latin1 COLLATE latin1_swedish_ci DEFAULT NULL,
  `creationdate` timestamp NOT NULL DEFAULT current_timestamp()
) ENGINE=InnoDB DEFAULT CHARSET=utf8mb4 COLLATE=utf8mb4_general_ci;

--
-- Dumping data for table `tblcompany`
--

INSERT INTO `tblcompany` (`id`, `regno`, `companyname`, `companyemail`, `country`, `companyphone`, `companyaddress`, `companylogo`, `status`, `developer`, `creationdate`) VALUES
(4, '1002', 'St. Paul Church', 'stpaul@gmail.com', 'Uganda', 770546590, 'Kyebando', 'church.jpg', '1', 'gerald', '2021-02-02 12:17:15');

-- --------------------------------------------------------

--
-- Table structure for table `tbltourpackages`
--

CREATE TABLE `tbltourpackages` (
  `PackageId` int(11) NOT NULL,
  `PackageName` varchar(200) DEFAULT NULL,
  `PackageType` varchar(150) DEFAULT NULL,
  `PackageLocation` varchar(100) DEFAULT NULL,
  `PackagePrice` int(11) DEFAULT NULL,
  `PackageFetures` varchar(255) DEFAULT NULL,
  `PackageDetails` mediumtext DEFAULT NULL,
  `PackageImage` varchar(100) DEFAULT NULL,
  `Creationdate` timestamp NULL DEFAULT current_timestamp(),
  `UpdationDate` timestamp NULL DEFAULT NULL ON UPDATE current_timestamp()
) ENGINE=InnoDB DEFAULT CHARSET=latin1 COLLATE=latin1_swedish_ci;

--
-- Dumping data for table `tbltourpackages`
--

INSERT INTO `tbltourpackages` (`PackageId`, `PackageName`, `PackageType`, `PackageLocation`, `PackagePrice`, `PackageFetures`, `PackageDetails`, `PackageImage`, `Creationdate`, `UpdationDate`) VALUES
(1, 'kidepo valley Np', 'General', 'Kullu Manali India', 100, 'Air Conditioning ,Balcony / Terrace,Cable / Satellite / Pay TV available,Ceiling Fan,Hairdryer', '\"Lorem ipsum dolor sit amet, consectetur adipiscing elit, sed do eiusmod tempor incididunt ut labore et dolore magna aliqua. Ut enim ad minim veniam, quis nostrud exercitation ullamco laboris nisi ut aliquip ex ea commodo consequat. Duis aute irure dolor in reprehenderit in voluptate velit esse cillum dolore eu fugiat nulla pariatur. Excepteur sint occaecat cupidatat non proident, sunt in culpa qui officia deserunt mollit anim id est laborum.\"', 'lake.jpg', '2017-05-13 14:23:44', '2021-03-26 13:49:15'),
(2, 'Entebbe Zoo', 'Indoor animals', 'Entebbe, Kampala,Uganda', 5433, '\"Lorem ipsum dolor sit amet, consectetur adipiscing elit, sed do eiusmod tempor incididunt ut labore et dolore magna aliqua. Ut enim ad minim veniam, quis nostrud exercitation ullamco laboris nisi ut aliquip ex ea commodo consequat. Duis aute irure dolor ', 'At lorem Ipsum available, but the majority have suffered alteration in some form by injected humour. At lorem Ipsum available, but the majority have suffered alteration in some form by injected humour.At lorem Ipsum available, but the majority have suffered alteration in some form by injected humour.', 'zoo.jpg', '2017-05-13 15:24:26', '2021-07-24 09:56:27'),
(3, 'Marchision Falls NP', 'Outdoor animals', 'Demo Demo Demo Demo Demo Demo  test', 1000, 'Demo Demo  test', 'Sample Text for testing.', 'mac4.jpg', '2017-05-13 16:00:58', '2021-03-26 13:39:45'),
(4, 'Lake Mburo NP', 'Familty and Couple', 'Kerlal', 2000, ' velit esse cillum dolore eu fugiat nulla pariatur. Excepteur sint occaecat cupidatat non proident, sunt in culpa qui officia deserunt mollit anim id est laborum.\"', ' velit esse cillum dolore eu fugiat nulla pariatur. Excepteur sint occaecat cupidatat non proident, sunt in culpa qui officia deserunt mollit anim id est laborum.\" velit esse cillum dolore eu fugiat nulla pariatur. Excepteur sint occaecat cupidatat non proident, sunt in culpa qui officia deserunt mollit anim id est laborum.\" velit esse cillum dolore eu fugiat nulla pariatur. Excepteur sint occaecat cupidatat non proident, sunt in culpa qui officia deserunt mollit anim id est laborum.\" velit esse cillum dolore eu fugiat nulla pariatur. Excepteur sint occaecat cupidatat non proident, sunt in culpa qui officia deserunt mollit anim id est laborum.\"', 'images.jpg', '2017-05-13 22:39:37', '2021-03-26 13:46:42'),
(5, 'Queen Elizabeth', 'Outdoor animals', 'Uganda', 3000, ' velit esse cillum dolore eu fugiat nulla pariatur. Excepteur sint occaecat cupidatat non proident, sunt in culpa qui officia deserunt mollit anim id est laborum.\"', ' velit esse cillum dolore eu fugiat nulla pariatur. Excepteur sint occaecat cupidatat non proident, sunt in culpa qui officia deserunt mollit anim id est laborum.\" velit esse cillum dolore eu fugiat nulla pariatur. Excepteur sint occaecat cupidatat non proident, sunt in culpa qui officia deserunt mollit anim id est laborum.\" velit esse cillum dolore eu fugiat nulla pariatur. Excepteur sint occaecat cupidatat non proident, sunt in culpa qui officia deserunt mollit anim id est laborum.\" velit esse cillum dolore eu fugiat nulla pariatur. Excepteur sint occaecat cupidatat non proident, sunt in culpa qui officia deserunt mollit anim id est laborum.\" velit esse cillum dolore eu fugiat nulla pariatur. Excepteur sint occaecat cupidatat non proident, sunt in culpa qui officia deserunt mollit anim id est laborum.\" velit esse cillum dolore eu fugiat nulla pariatur. Excepteur sint occaecat cupidatat non proident, sunt in culpa qui officia deserunt mollit anim id est laborum.\" velit esse cillum dolore eu fugiat nulla pariatur. Excepteur sint occaecat cupidatat non proident, sunt in culpa qui officia deserunt mollit anim id est laborum.\" velit esse cillum dolore eu fugiat nulla pariatur. Excepteur sint occaecat cupidatat non proident, sunt in culpa qui officia deserunt mollit anim id est laborum.\"', 'park6.jpg', '2017-05-13 22:42:10', '2021-03-26 13:45:43'),
(6, 'Bwindi  NP', 'Outdoor animals', 'Indonesia', 5000, 'Frree wifi, pickup and drop etc', 'Lorem ipsum dolor sit amet, consectetur adipiscing elit, sed do eiusmod tempor incididunt ut labore et dolore magna aliqua. Ut enim ad minim veniam, quis nostrud exercitation ullamco laboris nisi ut aliquip ex ea commodo consequat. Duis aute irure dolor in reprehenderit in voluptate velit esse cillum dolore eu fugiat nulla pariatur. Excepteur sint occaecat cupidatat non proident, sunt in culpa qui officia deserunt mollit anim id est laborum.', 'bwindi5.jpg', '2017-05-14 08:01:08', '2021-07-24 09:57:12');

-- --------------------------------------------------------

--
-- Table structure for table `tblusers`
--

CREATE TABLE `tblusers` (
  `id` int(11) NOT NULL,
  `FullName` varchar(100) DEFAULT NULL,
  `MobileNumber` char(10) DEFAULT NULL,
  `EmailId` varchar(70) DEFAULT NULL,
  `Password` varchar(100) DEFAULT NULL,
  `RegDate` timestamp NULL DEFAULT current_timestamp(),
  `UpdationDate` timestamp NULL DEFAULT NULL ON UPDATE current_timestamp()
) ENGINE=InnoDB DEFAULT CHARSET=latin1 COLLATE=latin1_swedish_ci;

--
-- Dumping data for table `tblusers`
--

INSERT INTO `tblusers` (`id`, `FullName`, `MobileNumber`, `EmailId`, `Password`, `RegDate`, `UpdationDate`) VALUES
(14, 'Gerald Brain', '0770546590', 'gerald@gmail.com', '81dc9bdb52d04dc20036dbd8313ed055', '2020-01-15 14:00:35', '2021-07-24 09:49:44'),
(16, 'John Simith', '0770546590', 'admin@gmail.com', '81dc9bdb52d04dc20036dbd8313ed055', '2021-07-24 08:34:08', NULL);

--
-- Indexes for dumped tables
--

--
-- Indexes for table `permissions`
--
ALTER TABLE `permissions`
  ADD PRIMARY KEY (`id`);

--
-- Indexes for table `tbladmin`
--
ALTER TABLE `tbladmin`
  ADD PRIMARY KEY (`ID`);

--
-- Indexes for table `tblbooking`
--
ALTER TABLE `tblbooking`
  ADD PRIMARY KEY (`BookingId`);

--
-- Indexes for table `tblcompany`
--
ALTER TABLE `tblcompany`
  ADD PRIMARY KEY (`id`);

--
-- Indexes for table `tbltourpackages`
--
ALTER TABLE `tbltourpackages`
  ADD PRIMARY KEY (`PackageId`);

--
-- Indexes for table `tblusers`
--
ALTER TABLE `tblusers`
  ADD PRIMARY KEY (`id`),
  ADD KEY `EmailId` (`EmailId`),
  ADD KEY `EmailId_2` (`EmailId`);

--
-- AUTO_INCREMENT for dumped tables
--

--
-- AUTO_INCREMENT for table `permissions`
--
ALTER TABLE `permissions`
  MODIFY `id` int(11) NOT NULL AUTO_INCREMENT, AUTO_INCREMENT=4;

--
-- AUTO_INCREMENT for table `tbladmin`
--
ALTER TABLE `tbladmin`
  MODIFY `ID` int(10) NOT NULL AUTO_INCREMENT, AUTO_INCREMENT=31;

--
-- AUTO_INCREMENT for table `tblbooking`
--
ALTER TABLE `tblbooking`
  MODIFY `BookingId` int(11) NOT NULL AUTO_INCREMENT, AUTO_INCREMENT=19;

--
-- AUTO_INCREMENT for table `tblcompany`
--
ALTER TABLE `tblcompany`
  MODIFY `id` int(11) NOT NULL AUTO_INCREMENT, AUTO_INCREMENT=13;

--
-- AUTO_INCREMENT for table `tbltourpackages`
--
ALTER TABLE `tbltourpackages`
  MODIFY `PackageId` int(11) NOT NULL AUTO_INCREMENT, AUTO_INCREMENT=7;

--
-- AUTO_INCREMENT for table `tblusers`
--
ALTER TABLE `tblusers`
  MODIFY `id` int(11) NOT NULL AUTO_INCREMENT, AUTO_INCREMENT=17;
COMMIT;

/*!40101 SET CHARACTER_SET_CLIENT=@OLD_CHARACTER_SET_CLIENT */;
/*!40101 SET CHARACTER_SET_RESULTS=@OLD_CHARACTER_SET_RESULTS */;
/*!40101 SET COLLATION_CONNECTION=@OLD_COLLATION_CONNECTION */;
